        f (GHz),                 E_elec (J),                  E_mag (J),                  E_cap (J),                  E_ind (J)
 5.00000000e-02,        +6.411094435293e-10,        +2.241540901538e-11,        +0.000000000000e+00,        +0.000000000000e+00
 5.50000000e-02,        +5.309932066280e-10,        +2.247442041564e-11,        +0.000000000000e+00,        +0.000000000000e+00
 6.00000000e-02,        +4.469361533076e-10,        +2.252368991638e-11,        +0.000000000000e+00,        +0.000000000000e+00
 6.50000000e-02,        +3.813353854255e-10,        +2.256628814948e-11,        +0.000000000000e+00,        +0.000000000000e+00
 7.00000000e-02,        +3.291670166473e-10,        +2.260426663552e-11,        +0.000000000000e+00,        +0.000000000000e+00
 7.50000000e-02,        +2.870048389940e-10,        +2.263904101947e-11,        +0.000000000000e+00,        +0.000000000000e+00
 8.00000000e-02,        +2.524479898550e-10,        +2.267161608122e-11,        +0.000000000000e+00,        +0.000000000000e+00
 8.50000000e-02,        +2.237740174792e-10,        +2.270272303287e-11,        +0.000000000000e+00,        +0.000000000000e+00
 9.00000000e-02,        +1.997214237272e-10,        +2.273290613898e-11,        +0.000000000000e+00,        +0.000000000000e+00
 9.50000000e-02,        +1.793493154032e-10,        +2.276257898600e-11,        +0.000000000000e+00,        +0.000000000000e+00
 1.00000000e-01,        +1.619444536389e-10,        +2.279206199154e-11,        +0.000000000000e+00,        +0.000000000000e+00
 1.05000000e-01,        +1.469582659573e-10,        +2.282160799001e-11,        +0.000000000000e+00,        +0.000000000000e+00
 1.10000000e-01,        +1.339632777713e-10,        +2.285142004885e-11,        +0.000000000000e+00,        +0.000000000000e+00
 1.15000000e-01,        +1.226224147453e-10,        +2.288166410866e-11,        +0.000000000000e+00,        +0.000000000000e+00
 1.20000000e-01,        +1.126670095563e-10,        +2.291247810482e-11,        +0.000000000000e+00,        +0.000000000000e+00
 1.25000000e-01,        +1.038808039304e-10,        +2.294397865390e-11,        +0.000000000000e+00,        +0.000000000000e+00
 1.30000000e-01,        +9.608814931897e-11,        +2.297626602657e-11,        +0.000000000000e+00,        +0.000000000000e+00
 1.35000000e-01,        +8.914519307735e-11,        +2.300942789667e-11,        +0.000000000000e+00,        +0.000000000000e+00
 1.40000000e-01,        +8.293321739695e-11,        +2.304354220426e-11,        +0.000000000000e+00,        +0.000000000000e+00
 1.45000000e-01,        +7.735355062296e-11,        +2.307867936914e-11,        +0.000000000000e+00,        +0.000000000000e+00
 1.50000000e-01,        +7.232364079522e-11,        +2.311490402286e-11,        +0.000000000000e+00,        +0.000000000000e+00
 1.55000000e-01,        +6.777399776408e-11,        +2.315227638008e-11,        +0.000000000000e+00,        +0.000000000000e+00
 1.60000000e-01,        +6.364579111226e-11,        +2.319085333742e-11,        +0.000000000000e+00,        +0.000000000000e+00
 1.65000000e-01,        +5.988894798562e-11,        +2.323068936457e-11,        +0.000000000000e+00,        +0.000000000000e+00
 1.70000000e-01,        +5.646063541036e-11,        +2.327183723612e-11,        +0.000000000000e+00,        +0.000000000000e+00
 1.75000000e-01,        +5.332404080403e-11,        +2.331434864036e-11,        +0.000000000000e+00,        +0.000000000000e+00
 1.80000000e-01,        +5.044738557470e-11,        +2.335827469289e-11,        +0.000000000000e+00,        +0.000000000000e+00
 1.85000000e-01,        +4.780312226506e-11,        +2.340366637610e-11,        +0.000000000000e+00,        +0.000000000000e+00
 1.90000000e-01,        +4.536727723522e-11,        +2.345057492113e-11,        +0.000000000000e+00,        +0.000000000000e+00
 1.95000000e-01,        +4.311890950613e-11,        +2.349905214513e-11,        +0.000000000000e+00,        +0.000000000000e+00
 2.00000000e-01,        +4.103966289163e-11,        +2.354915075416e-11,        +0.000000000000e+00,        +0.000000000000e+00
 2.05000000e-01,        +3.911339349095e-11,        +2.360092461966e-11,        +0.000000000000e+00,        +0.000000000000e+00
 2.10000000e-01,        +3.732585839792e-11,        +2.365442903534e-11,        +0.000000000000e+00,        +0.000000000000e+00
 2.15000000e-01,        +3.566445440129e-11,        +2.370972095981e-11,        +0.000000000000e+00,        +0.000000000000e+00
 2.20000000e-01,        +3.411799771381e-11,        +2.376685924943e-11,        +0.000000000000e+00,        +0.000000000000e+00
 2.25000000e-01,        +3.267653753635e-11,        +2.382590488521e-11,        +0.000000000000e+00,        +0.000000000000e+00
 2.30000000e-01,        +3.133119765175e-11,        +2.388692119707e-11,        +0.000000000000e+00,        +0.000000000000e+00
 2.35000000e-01,        +3.007404134052e-11,        +2.394997408823e-11,        +0.000000000000e+00,        +0.000000000000e+00
 2.40000000e-01,        +2.889795578229e-11,        +2.401513226236e-11,        +0.000000000000e+00,        +0.000000000000e+00
 2.45000000e-01,        +2.779655280280e-11,        +2.408246745591e-11,        +0.000000000000e+00,        +0.000000000000e+00
 2.50000000e-01,        +2.676408338495e-11,        +2.415205467754e-11,        +0.000000000000e+00,        +0.000000000000e+00
 2.55000000e-01,        +2.579536381260e-11,        +2.422397245706e-11,        +0.000000000000e+00,        +0.000000000000e+00
 2.60000000e-01,        +2.488571168106e-11,        +2.429830310573e-11,        +0.000000000000e+00,        +0.000000000000e+00
 2.65000000e-01,        +2.403089030444e-11,        +2.437513298997e-11,        +0.000000000000e+00,        +0.000000000000e+00
 2.70000000e-01,        +2.322706029318e-11,        +2.445455282058e-11,        +0.000000000000e+00,        +0.000000000000e+00
 2.75000000e-01,        +2.247073727346e-11,        +2.453665795963e-11,        +0.000000000000e+00,        +0.000000000000e+00
 2.80000000e-01,        +2.175875488443e-11,        +2.462154874712e-11,        +0.000000000000e+00,        +0.000000000000e+00
 2.85000000e-01,        +2.108823232432e-11,        +2.470933084990e-11,        +0.000000000000e+00,        +0.000000000000e+00
 2.90000000e-01,        +2.045654582917e-11,        +2.480011563520e-11,        +0.000000000000e+00,        +0.000000000000e+00
 2.95000000e-01,        +1.986130356122e-11,        +2.489402057166e-11,        +0.000000000000e+00,        +0.000000000000e+00
 3.00000000e-01,        +1.930032346239e-11,        +2.499116966061e-11,        +0.000000000000e+00,        +0.000000000000e+00
 3.05000000e-01,        +1.877161369379e-11,        +2.509169390086e-11,        +0.000000000000e+00,        +0.000000000000e+00
 3.10000000e-01,        +1.827335533724e-11,        +2.519573179053e-11,        +0.000000000000e+00,        +0.000000000000e+00
 3.15000000e-01,        +1.780388708166e-11,        +2.530342986970e-11,        +0.000000000000e+00,        +0.000000000000e+00
 3.20000000e-01,        +1.736169165626e-11,        +2.541494330814e-11,        +0.000000000000e+00,        +0.000000000000e+00
 3.25000000e-01,        +1.694538380638e-11,        +2.553043654287e-11,        +0.000000000000e+00,        +0.000000000000e+00
 3.30000000e-01,        +1.655369963610e-11,        +2.565008397062e-11,        +0.000000000000e+00,        +0.000000000000e+00
 3.35000000e-01,        +1.618548716662e-11,        +2.577407070118e-11,        +0.000000000000e+00,        +0.000000000000e+00
 3.40000000e-01,        +1.583969798016e-11,        +2.590259337793e-11,        +0.000000000000e+00,        +0.000000000000e+00
 3.45000000e-01,        +1.551537983765e-11,        +2.603586107290e-11,        +0.000000000000e+00,        +0.000000000000e+00
 3.50000000e-01,        +1.521167017413e-11,        +2.617409626436e-11,        +0.000000000000e+00,        +0.000000000000e+00
 3.55000000e-01,        +1.492779038968e-11,        +2.631753590613e-11,        +0.000000000000e+00,        +0.000000000000e+00
 3.60000000e-01,        +1.466304086596e-11,        +2.646643259864e-11,        +0.000000000000e+00,        +0.000000000000e+00
 3.65000000e-01,        +1.441679664909e-11,        +2.662105587345e-11,        +0.000000000000e+00,        +0.000000000000e+00
 3.70000000e-01,        +1.418850374950e-11,        +2.678169360396e-11,        +0.000000000000e+00,        +0.000000000000e+00
 3.75000000e-01,        +1.397767601786e-11,        +2.694865355721e-11,        +0.000000000000e+00,        +0.000000000000e+00
 3.80000000e-01,        +1.378389256468e-11,        +2.712226510312e-11,        +0.000000000000e+00,        +0.000000000000e+00
 3.85000000e-01,        +1.360679569812e-11,        +2.730288110017e-11,        +0.000000000000e+00,        +0.000000000000e+00
 3.90000000e-01,        +1.344608936229e-11,        +2.749087997890e-11,        +0.000000000000e+00,        +0.000000000000e+00
 3.95000000e-01,        +1.330153806463e-11,        +2.768666804748e-11,        +0.000000000000e+00,        +0.000000000000e+00
 4.00000000e-01,        +1.317296628827e-11,        +2.789068204741e-11,        +0.000000000000e+00,        +0.000000000000e+00
 4.05000000e-01,        +1.306025839160e-11,        +2.810339199095e-11,        +0.000000000000e+00,        +0.000000000000e+00
 4.10000000e-01,        +1.296335900486e-11,        +2.832530431695e-11,        +0.000000000000e+00,        +0.000000000000e+00
 4.15000000e-01,        +1.288227394061e-11,        +2.855696540686e-11,        +0.000000000000e+00,        +0.000000000000e+00
 4.20000000e-01,        +1.281707164309e-11,        +2.879896550930e-11,        +0.000000000000e+00,        +0.000000000000e+00
 4.25000000e-01,        +1.276788521012e-11,        +2.905194312878e-11,        +0.000000000000e+00,        +0.000000000000e+00
 4.30000000e-01,        +1.273491503109e-11,        +2.931658994311e-11,        +0.000000000000e+00,        +0.000000000000e+00
 4.35000000e-01,        +1.271843209515e-11,        +2.959365632413e-11,        +0.000000000000e+00,        +0.000000000000e+00
 4.40000000e-01,        +1.271878203669e-11,        +2.988395754872e-11,        +0.000000000000e+00,        +0.000000000000e+00
 4.45000000e-01,        +1.273638999922e-11,        +3.018838080133e-11,        +0.000000000000e+00,        +0.000000000000e+00
 4.50000000e-01,        +1.277176641574e-11,        +3.050789308647e-11,        +0.000000000000e+00,        +0.000000000000e+00
 4.55000000e-01,        +1.282551382353e-11,        +3.084355018993e-11,        +0.000000000000e+00,        +0.000000000000e+00
 4.60000000e-01,        +1.289833485444e-11,        +3.119650685203e-11,        +0.000000000000e+00,        +0.000000000000e+00
 4.65000000e-01,        +1.299104156974e-11,        +3.156802834521e-11,        +0.000000000000e+00,        +0.000000000000e+00
 4.70000000e-01,        +1.310456634178e-11,        +3.195950368384e-11,        +0.000000000000e+00,        +0.000000000000e+00
 4.75000000e-01,        +1.323997452490e-11,        +3.237246073648e-11,        +0.000000000000e+00,        +0.000000000000e+00
 4.80000000e-01,        +1.339847920651e-11,        +3.280858356241e-11,        +0.000000000000e+00,        +0.000000000000e+00
 4.85000000e-01,        +1.358145838796e-11,        +3.326973235739e-11,        +0.000000000000e+00,        +0.000000000000e+00
 4.90000000e-01,        +1.379047501739e-11,        +3.375796647002e-11,        +0.000000000000e+00,        +0.000000000000e+00
 4.95000000e-01,        +1.402730038446e-11,        +3.427557104465e-11,        +0.000000000000e+00,        +0.000000000000e+00
 5.00000000e-01,        +1.429394149648e-11,        +3.482508796287e-11,        +0.000000000000e+00,        +0.000000000000e+00
 5.05000000e-01,        +1.459267319003e-11,        +3.540935189950e-11,        +0.000000000000e+00,        +0.000000000000e+00
 5.10000000e-01,        +1.492607590066e-11,        +3.603153248792e-11,        +0.000000000000e+00,        +0.000000000000e+00
 5.15000000e-01,        +1.529708022369e-11,        +3.669518381367e-11,        +0.000000000000e+00,        +0.000000000000e+00
 5.20000000e-01,        +1.570901966400e-11,        +3.740430273596e-11,        +0.000000000000e+00,        +0.000000000000e+00
 5.25000000e-01,        +1.616569330789e-11,        +3.816339789258e-11,        +0.000000000000e+00,        +0.000000000000e+00
 5.30000000e-01,        +1.667144057663e-11,        +3.897757169482e-11,        +0.000000000000e+00,        +0.000000000000e+00
 5.35000000e-01,        +1.723123076729e-11,        +3.985261819611e-11,        +0.000000000000e+00,        +0.000000000000e+00
 5.40000000e-01,        +1.785077078941e-11,        +4.079514046034e-11,        +0.000000000000e+00,        +0.000000000000e+00
 5.45000000e-01,        +1.853663541859e-11,        +4.181269201624e-11,        +0.000000000000e+00,        +0.000000000000e+00
 5.50000000e-01,        +1.929642557763e-11,        +4.291394823666e-11,        +0.000000000000e+00,        +0.000000000000e+00
 5.55000000e-01,        +2.013896172252e-11,        +4.410891512546e-11,        +0.000000000000e+00,        +0.000000000000e+00
 5.60000000e-01,        +2.107452148435e-11,        +4.540918516969e-11,        +0.000000000000e+00,        +0.000000000000e+00
 5.65000000e-01,        +2.211513349081e-11,        +4.682825281548e-11,        +0.000000000000e+00,        +0.000000000000e+00
 5.70000000e-01,        +2.327494302506e-11,        +4.838190602832e-11,        +0.000000000000e+00,        +0.000000000000e+00
 5.75000000e-01,        +2.457067025874e-11,        +5.008871569420e-11,        +0.000000000000e+00,        +0.000000000000e+00
 5.80000000e-01,        +2.602218876701e-11,        +5.197065187754e-11,        +0.000000000000e+00,        +0.000000000000e+00
 5.85000000e-01,        +2.765326170447e-11,        +5.405386600157e-11,        +0.000000000000e+00,        +0.000000000000e+00
 5.90000000e-01,        +2.949248657995e-11,        +5.636969208556e-11,        +0.000000000000e+00,        +0.000000000000e+00
 5.95000000e-01,        +3.157451880653e-11,        +5.895594009614e-11,        +0.000000000000e+00,        +0.000000000000e+00
 6.00000000e-01,        +3.394167183811e-11,        +6.185858303899e-11,        +0.000000000000e+00,        +0.000000000000e+00
 6.05000000e-01,        +3.664603193905e-11,        +6.513398093485e-11,        +0.000000000000e+00,        +0.000000000000e+00
 6.10000000e-01,        +3.975228506139e-11,        +6.885184603367e-11,        +0.000000000000e+00,        +0.000000000000e+00
 6.15000000e-01,        +4.334154245621e-11,        +7.309924527365e-11,        +0.000000000000e+00,        +0.000000000000e+00
 6.20000000e-01,        +4.751658765197e-11,        +7.798607554669e-11,        +0.000000000000e+00,        +0.000000000000e+00
 6.25000000e-01,        +5.240917873062e-11,        +8.365266372158e-11,        +0.000000000000e+00,        +0.000000000000e+00
 6.30000000e-01,        +5.819037466191e-11,        +9.028048559394e-11,        +0.000000000000e+00,        +0.000000000000e+00
 6.35000000e-01,        +6.508539661719e-11,        +9.810755092558e-11,        +0.000000000000e+00,        +0.000000000000e+00
 6.40000000e-01,        +7.339543403058e-11,        +1.074509166171e-10,        +0.000000000000e+00,        +0.000000000000e+00
 6.45000000e-01,        +8.353033448638e-11,        +1.187403432623e-10,        +0.000000000000e+00,        +0.000000000000e+00
 6.50000000e-01,        +9.605879377115e-11,        +1.325698232472e-10,        +0.000000000000e+00,        +0.000000000000e+00
 6.55000000e-01,        +1.117874991292e-10,        +1.497785979502e-10,        +0.000000000000e+00,        +0.000000000000e+00
 6.60000000e-01,        +1.318897258251e-10,        +1.715824039421e-10,        +0.000000000000e+00,        +0.000000000000e+00
 6.65000000e-01,        +1.581214722988e-10,        +1.997933707291e-10,        +0.000000000000e+00,        +0.000000000000e+00
 6.70000000e-01,        +1.931988753506e-10,        +2.372027371509e-10,        +0.000000000000e+00,        +0.000000000000e+00
 6.75000000e-01,        +2.414863388992e-10,        +2.882761699087e-10,        +0.000000000000e+00,        +0.000000000000e+00
 6.80000000e-01,        +3.103134305106e-10,        +3.604792218400e-10,        +0.000000000000e+00,        +0.000000000000e+00
 6.85000000e-01,        +4.126320165468e-10,        +4.669397834722e-10,        +0.000000000000e+00,        +0.000000000000e+00
 6.90000000e-01,        +5.726716321790e-10,        +6.320838153704e-10,        +0.000000000000e+00,        +0.000000000000e+00
 6.95000000e-01,        +8.384535340994e-10,        +9.040122488039e-10,        +0.000000000000e+00,        +0.000000000000e+00
 7.00000000e-01,        +1.308524409438e-09,        +1.380588807544e-09,        +0.000000000000e+00,        +0.000000000000e+00
 7.05000000e-01,        +2.166783805521e-09,        +2.241573131081e-09,        +0.000000000000e+00,        +0.000000000000e+00
 7.10000000e-01,        +3.515729655469e-09,        +3.574213206077e-09,        +0.000000000000e+00,        +0.000000000000e+00
 7.15000000e-01,        +4.311388925179e-09,        +4.318005970935e-09,        +0.000000000000e+00,        +0.000000000000e+00
 7.20000000e-01,        +3.312306882253e-09,        +3.276900021590e-09,        +0.000000000000e+00,        +0.000000000000e+00
 7.25000000e-01,        +2.037048522951e-09,        +1.996390857505e-09,        +0.000000000000e+00,        +0.000000000000e+00
 7.30000000e-01,        +1.259371453030e-09,        +1.226356664016e-09,        +0.000000000000e+00,        +0.000000000000e+00
 7.35000000e-01,        +8.300811513693e-10,        +8.056560486445e-10,        +0.000000000000e+00,        +0.000000000000e+00
 7.40000000e-01,        +5.833338005147e-10,        +5.660745272260e-10,        +0.000000000000e+00,        +0.000000000000e+00
 7.45000000e-01,        +4.325229729597e-10,        +4.209567442758e-10,        +0.000000000000e+00,        +0.000000000000e+00
 7.50000000e-01,        +3.350399686598e-10,        +3.280128636252e-10,        +0.000000000000e+00,        +0.000000000000e+00
 7.55000000e-01,        +2.690580935127e-10,        +2.657140701739e-10,        +0.000000000000e+00,        +0.000000000000e+00
 7.60000000e-01,        +2.227395382101e-10,        +2.224469627980e-10,        +0.000000000000e+00,        +0.000000000000e+00
 7.65000000e-01,        +1.893034673652e-10,        +1.915924365958e-10,        +0.000000000000e+00,        +0.000000000000e+00
 7.70000000e-01,        +1.646764098289e-10,        +1.691935327952e-10,        +0.000000000000e+00,        +0.000000000000e+00
 7.75000000e-01,        +1.463124071877e-10,        +1.527894949914e-10,        +0.000000000000e+00,        +0.000000000000e+00
 7.80000000e-01,        +1.325696716409e-10,        +1.408021946191e-10,        +0.000000000000e+00,        +0.000000000000e+00
 7.85000000e-01,        +1.223660926643e-10,        +1.321983000150e-10,        +0.000000000000e+00,        +0.000000000000e+00
 7.90000000e-01,        +1.149816276051e-10,        +1.262962259783e-10,        +0.000000000000e+00,        +0.000000000000e+00
 7.95000000e-01,        +1.099418980169e-10,        +1.226529090025e-10,        +0.000000000000e+00,        +0.000000000000e+00
 8.00000000e-01,        +1.069490038624e-10,        +1.209969064560e-10,        +0.000000000000e+00,        +0.000000000000e+00
 8.05000000e-01,        +1.058415174063e-10,        +1.211901052248e-10,        +0.000000000000e+00,        +0.000000000000e+00
 8.10000000e-01,        +1.065741443509e-10,        +1.232087480534e-10,        +0.000000000000e+00,        +0.000000000000e+00
 8.15000000e-01,        +1.092125233426e-10,        +1.271394074839e-10,        +0.000000000000e+00,        +0.000000000000e+00
 8.20000000e-01,        +1.139420493570e-10,        +1.331889176700e-10,        +0.000000000000e+00,        +0.000000000000e+00
 8.25000000e-01,        +1.210926420369e-10,        +1.417102955732e-10,        +0.000000000000e+00,        +0.000000000000e+00
 8.30000000e-01,        +1.311850403052e-10,        +1.532503433825e-10,        +0.000000000000e+00,        +0.000000000000e+00
 8.35000000e-01,        +1.450097753598e-10,        +1.686302042857e-10,        +0.000000000000e+00,        +0.000000000000e+00
 8.40000000e-01,        +1.637596589292e-10,        +1.890798365596e-10,        +0.000000000000e+00,        +0.000000000000e+00
 8.45000000e-01,        +1.892547526939e-10,        +2.164654736978e-10,        +0.000000000000e+00,        +0.000000000000e+00
 8.50000000e-01,        +2.243344279500e-10,        +2.536846166889e-10,        +0.000000000000e+00,        +0.000000000000e+00
 8.55000000e-01,        +2.735639287440e-10,        +3.053752748237e-10,        +0.000000000000e+00,        +0.000000000000e+00
 8.60000000e-01,        +3.445556767840e-10,        +3.792368250413e-10,        +0.000000000000e+00,        +0.000000000000e+00
 8.65000000e-01,        +4.505268438285e-10,        +4.885738730862e-10,        +0.000000000000e+00,        +0.000000000000e+00
 8.70000000e-01,        +6.153369040321e-10,        +6.572720178548e-10,        +0.000000000000e+00,        +0.000000000000e+00
 8.75000000e-01,        +8.829521827326e-10,        +9.290332648789e-10,        +0.000000000000e+00,        +0.000000000000e+00
 8.80000000e-01,        +1.329892997975e-09,        +1.379038248535e-09,        +0.000000000000e+00,        +0.000000000000e+00
 8.85000000e-01,        +2.041761270980e-09,        +2.088257040964e-09,        +0.000000000000e+00,        +0.000000000000e+00
 8.90000000e-01,        +2.861473680314e-09,        +2.889851556136e-09,        +0.000000000000e+00,        +0.000000000000e+00
 8.95000000e-01,        +3.014463395143e-09,        +3.010267681601e-09,        +0.000000000000e+00,        +0.000000000000e+00
 9.00000000e-01,        +2.299014846631e-09,        +2.273758503926e-09,        +0.000000000000e+00,        +0.000000000000e+00
 9.05000000e-01,        +1.525180451155e-09,        +1.496597273626e-09,        +0.000000000000e+00,        +0.000000000000e+00
 9.10000000e-01,        +1.011420221236e-09,        +9.865650924623e-10,        +0.000000000000e+00,        +0.000000000000e+00
 9.15000000e-01,        +7.004190686990e-10,        +6.804992576752e-10,        +0.000000000000e+00,        +0.000000000000e+00
 9.20000000e-01,        +5.088489813142e-10,        +4.934198034198e-10,        +0.000000000000e+00,        +0.000000000000e+00
 9.25000000e-01,        +3.856730050269e-10,        +3.740131250508e-10,        +0.000000000000e+00,        +0.000000000000e+00
 9.30000000e-01,        +3.028855602640e-10,        +2.943414162281e-10,        +0.000000000000e+00,        +0.000000000000e+00
 9.35000000e-01,        +2.450015261094e-10,        +2.390455367350e-10,        +0.000000000000e+00,        +0.000000000000e+00
 9.40000000e-01,        +2.031423188039e-10,        +1.993611825504e-10,        +0.000000000000e+00,        +0.000000000000e+00
 9.45000000e-01,        +1.720015276808e-10,        +1.700725323630e-10,        +0.000000000000e+00,        +0.000000000000e+00
 9.50000000e-01,        +1.482793294276e-10,        +1.479489076280e-10,        +0.000000000000e+00,        +0.000000000000e+00
 9.55000000e-01,        +1.298488443753e-10,        +1.309158480994e-10,        +0.000000000000e+00,        +0.000000000000e+00
 9.60000000e-01,        +1.152951335808e-10,        +1.175983689974e-10,        +0.000000000000e+00,        +0.000000000000e+00
 9.65000000e-01,        +1.036505086754e-10,        +1.070595584388e-10,        +0.000000000000e+00,        +0.000000000000e+00
 9.70000000e-01,        +9.423713338431e-11,        +9.864559308329e-11,        +0.000000000000e+00,        +0.000000000000e+00
 9.75000000e-01,        +8.657039396611e-11,        +9.189085580252e-11,        +0.000000000000e+00,        +0.000000000000e+00
 9.80000000e-01,        +8.029785746709e-11,        +8.645815883040e-11,        +0.000000000000e+00,        +0.000000000000e+00
 9.85000000e-01,        +7.515972451735e-11,        +8.210011900927e-11,        +0.000000000000e+00,        +0.000000000000e+00
 9.90000000e-01,        +7.096264088614e-11,        +7.863364960982e-11,        +0.000000000000e+00,        +0.000000000000e+00
 9.95000000e-01,        +6.756203722454e-11,        +7.592280864430e-11,        +0.000000000000e+00,        +0.000000000000e+00
 1.00000000e+00,        +6.485005644459e-11,        +7.386711254740e-11,        +0.000000000000e+00,        +0.000000000000e+00
 1.00500000e+00,        +6.274724051519e-11,        +7.239352187067e-11,        +0.000000000000e+00,        +0.000000000000e+00
 1.01000000e+00,        +6.119682190670e-11,        +7.145096911966e-11,        +0.000000000000e+00,        +0.000000000000e+00
 1.01500000e+00,        +6.016088506345e-11,        +7.100671221534e-11,        +0.000000000000e+00,        +0.000000000000e+00
 1.02000000e+00,        +5.961793494138e-11,        +7.104406411611e-11,        +0.000000000000e+00,        +0.000000000000e+00
 1.02500000e+00,        +5.956159412595e-11,        +7.156123054399e-11,        +0.000000000000e+00,        +0.000000000000e+00
 1.03000000e+00,        +6.000028496849e-11,        +7.257112071158e-11,        +0.000000000000e+00,        +0.000000000000e+00
 1.03500000e+00,        +6.095786350826e-11,        +7.410210513258e-11,        +0.000000000000e+00,        +0.000000000000e+00
 1.04000000e+00,        +6.247527661791e-11,        +7.619979878951e-11,        +0.000000000000e+00,        +0.000000000000e+00
 1.04500000e+00,        +6.461343034704e-11,        +7.893006457170e-11,        +0.000000000000e+00,        +0.000000000000e+00
 1.05000000e+00,        +6.745760611169e-11,        +8.238358122881e-11,        +0.000000000000e+00,        +0.000000000000e+00
 1.05500000e+00,        +7.112397017879e-11,        +8.668253011804e-11,        +0.000000000000e+00,        +0.000000000000e+00
 1.06000000e+00,        +7.576903399348e-11,        +9.199026894745e-11,        +0.000000000000e+00,        +0.000000000000e+00
 1.06500000e+00,        +8.160340920129e-11,        +9.852534940409e-11,        +0.000000000000e+00,        +0.000000000000e+00
 1.07000000e+00,        +8.891198284873e-11,        +1.065820198589e-10,        +0.000000000000e+00,        +0.000000000000e+00
 1.07500000e+00,        +9.808392818445e-11,        +1.165606463365e-10,        +0.000000000000e+00,        +0.000000000000e+00
 1.08000000e+00,        +1.096581486116e-10,        +1.290136659451e-10,        +0.000000000000e+00,        +0.000000000000e+00
 1.08500000e+00,        +1.243935342704e-10,        +1.447164578302e-10,        +0.000000000000e+00,        +0.000000000000e+00
 1.09000000e+00,        +1.433801224322e-10,        +1.647791899569e-10,        +0.000000000000e+00,        +0.000000000000e+00
 1.09500000e+00,        +1.682194278586e-10,        +1.908277641549e-10,        +0.000000000000e+00,        +0.000000000000e+00
 1.10000000e+00,        +2.013246718555e-10,        +2.253041434458e-10,        +0.000000000000e+00,        +0.000000000000e+00
 1.10500000e+00,        +2.464332632273e-10,        +2.719771639010e-10,        +0.000000000000e+00,        +0.000000000000e+00
 1.11000000e+00,        +3.094988797407e-10,        +3.368277524361e-10,        +0.000000000000e+00,        +0.000000000000e+00
 1.11500000e+00,        +4.002493794574e-10,        +4.295853930103e-10,        +0.000000000000e+00,        +0.000000000000e+00
 1.12000000e+00,        +5.347895027335e-10,        +5.662690410799e-10,        +0.000000000000e+00,        +0.000000000000e+00
 1.12500000e+00,        +7.391051174623e-10,        +7.725207184164e-10,        +0.000000000000e+00,        +0.000000000000e+00
 1.13000000e+00,        +1.049051864376e-09,        +1.083161050058e-09,        +0.000000000000e+00,        +0.000000000000e+00
 1.13500000e+00,        +1.483170292836e-09,        +1.514205225870e-09,        +0.000000000000e+00,        +0.000000000000e+00
 1.14000000e+00,        +1.931404345604e-09,        +1.951813478056e-09,        +0.000000000000e+00,        +0.000000000000e+00
 1.14500000e+00,        +2.065909681022e-09,        +2.069092380896e-09,        +0.000000000000e+00,        +0.000000000000e+00
 1.15000000e+00,        +1.748358061983e-09,        +1.737730092626e-09,        +0.000000000000e+00,        +0.000000000000e+00
 1.15500000e+00,        +1.283334538432e-09,        +1.267629791655e-09,        +0.000000000000e+00,        +0.000000000000e+00
 1.16000000e+00,        +9.069654235820e-10,        +8.916365866007e-10,        +0.000000000000e+00,        +0.000000000000e+00
 1.16500000e+00,        +6.501736888559e-10,        +6.371353935943e-10,        +0.000000000000e+00,        +0.000000000000e+00
 1.17000000e+00,        +4.805213805079e-10,        +4.700974634224e-10,        +0.000000000000e+00,        +0.000000000000e+00
 1.17500000e+00,        +3.667491516330e-10,        +3.587427350125e-10,        +0.000000000000e+00,        +0.000000000000e+00
 1.18000000e+00,        +2.882225407594e-10,        +2.823170692542e-10,        +0.000000000000e+00,        +0.000000000000e+00
 1.18500000e+00,        +2.323267062996e-10,        +2.282146420496e-10,        +0.000000000000e+00,        +0.000000000000e+00
 1.19000000e+00,        +1.913735642704e-10,        +1.887901114823e-10,        +0.000000000000e+00,        +0.000000000000e+00
 1.19500000e+00,        +1.605820802515e-10,        +1.593081790739e-10,        +0.000000000000e+00,        +0.000000000000e+00
 1.20000000e+00,        +1.368971272450e-10,        +1.367536935552e-10,        +0.000000000000e+00,        +0.000000000000e+00
 1.20500000e+00,        +1.183106845029e-10,        +1.191513474086e-10,        +0.000000000000e+00,        +0.000000000000e+00
 1.21000000e+00,        +1.034669937010e-10,        +1.051715275532e-10,        +0.000000000000e+00,        +0.000000000000e+00
 1.21500000e+00,        +9.142768139569e-11,        +9.389662240617e-11,        +0.000000000000e+00,        +0.000000000000e+00
 1.22000000e+00,        +8.152842400261e-11,        +8.467881891916e-11,        +0.000000000000e+00,        +0.000000000000e+00
 1.22500000e+00,        +7.328919898552e-11,        +7.705129277436e-11,        +0.000000000000e+00,        +0.000000000000e+00
 1.23000000e+00,        +6.635668777706e-11,        +7.067134975624e-11,        +0.000000000000e+00,        +0.000000000000e+00
 1.23500000e+00,        +6.046645009691e-11,        +6.528316845376e-11,        +0.000000000000e+00,        +0.000000000000e+00
 1.24000000e+00,        +5.541754650259e-11,        +6.069285714001e-11,        +0.000000000000e+00,        +0.000000000000e+00
 1.24500000e+00,        +5.105517415382e-11,        +5.675142138672e-11,        +0.000000000000e+00,        +0.000000000000e+00
 1.25000000e+00,        +4.725856852639e-11,        +5.334292024987e-11,        +0.000000000000e+00,        +0.000000000000e+00
 1.25500000e+00,        +4.393243262271e-11,        +5.037609171770e-11,        +0.000000000000e+00,        +0.000000000000e+00
 1.26000000e+00,        +4.100077142164e-11,        +4.777833950202e-11,        +0.000000000000e+00,        +0.000000000000e+00
 1.26500000e+00,        +3.840239348746e-11,        +4.549135376062e-11,        +0.000000000000e+00,        +0.000000000000e+00
 1.27000000e+00,        +3.608758584244e-11,        +4.346787978596e-11,        +0.000000000000e+00,        +0.000000000000e+00
 1.27500000e+00,        +3.401562623859e-11,        +4.166930470734e-11,        +0.000000000000e+00,        +0.000000000000e+00
 1.28000000e+00,        +3.215290097954e-11,        +4.006383478540e-11,        +0.000000000000e+00,        +0.000000000000e+00
 1.28500000e+00,        +3.047146599501e-11,        +3.862510433629e-11,        +0.000000000000e+00,        +0.000000000000e+00
 1.29000000e+00,        +2.894793606721e-11,        +3.733110371286e-11,        +0.000000000000e+00,        +0.000000000000e+00
 1.29500000e+00,        +2.756261958087e-11,        +3.616334564407e-11,        +0.000000000000e+00,        +0.000000000000e+00
 1.30000000e+00,        +2.629883880098e-11,        +3.510621141854e-11,        +0.000000000000e+00,        +0.000000000000e+00
 1.30500000e+00,        +2.514239164789e-11,        +3.414643402879e-11,        +0.000000000000e+00,        +0.000000000000e+00
 1.31000000e+00,        +2.408112233194e-11,        +3.327268653042e-11,        +0.000000000000e+00,        +0.000000000000e+00
 1.31500000e+00,        +2.310457642529e-11,        +3.247525189377e-11,        +0.000000000000e+00,        +0.000000000000e+00
 1.32000000e+00,        +2.220372193406e-11,        +3.174575646245e-11,        +0.000000000000e+00,        +0.000000000000e+00
 1.32500000e+00,        +2.137072233513e-11,        +3.107695342093e-11,        +0.000000000000e+00,        +0.000000000000e+00
 1.33000000e+00,        +2.059875080880e-11,        +3.046254585109e-11,        +0.000000000000e+00,        +0.000000000000e+00
 1.33500000e+00,        +1.988183734205e-11,        +2.989704133320e-11,        +0.000000000000e+00,        +0.000000000000e+00
 1.34000000e+00,        +1.921474222174e-11,        +2.937563183626e-11,        +0.000000000000e+00,        +0.000000000000e+00
 1.34500000e+00,        +1.859285083829e-11,        +2.889409400172e-11,        +0.000000000000e+00,        +0.000000000000e+00
 1.35000000e+00,        +1.801208579365e-11,        +2.844870596387e-11,        +0.000000000000e+00,        +0.000000000000e+00
 1.35500000e+00,        +1.746883313471e-11,        +2.803617765021e-11,        +0.000000000000e+00,        +0.000000000000e+00
 1.36000000e+00,        +1.695988017497e-11,        +2.765359212545e-11,        +0.000000000000e+00,        +0.000000000000e+00
 1.36500000e+00,        +1.648236286880e-11,        +2.729835602652e-11,        +0.000000000000e+00,        +0.000000000000e+00
 1.37000000e+00,        +1.603372109589e-11,        +2.696815751526e-11,        +0.000000000000e+00,        +0.000000000000e+00
 1.37500000e+00,        +1.561166052469e-11,        +2.666093047506e-11,        +0.000000000000e+00,        +0.000000000000e+00
 1.38000000e+00,        +1.521411997024e-11,        +2.637482391500e-11,        +0.000000000000e+00,        +0.000000000000e+00
 1.38500000e+00,        +1.483924335918e-11,        +2.610817573454e-11,        +0.000000000000e+00,        +0.000000000000e+00
 1.39000000e+00,        +1.448535557249e-11,        +2.585949015360e-11,        +0.000000000000e+00,        +0.000000000000e+00
 1.39500000e+00,        +1.415094156414e-11,        +2.562741823464e-11,        +0.000000000000e+00,        +0.000000000000e+00
 1.40000000e+00,        +1.383462825703e-11,        +2.541074102275e-11,        +0.000000000000e+00,        +0.000000000000e+00
 1.40500000e+00,        +1.353516880111e-11,        +2.520835490944e-11,        +0.000000000000e+00,        +0.000000000000e+00
 1.41000000e+00,        +1.325142884766e-11,        +2.501925889176e-11,        +0.000000000000e+00,        +0.000000000000e+00
 1.41500000e+00,        +1.298237454932e-11,        +2.484254345145e-11,        +0.000000000000e+00,        +0.000000000000e+00
 1.42000000e+00,        +1.272706204204e-11,        +2.467738082363e-11,        +0.000000000000e+00,        +0.000000000000e+00
 1.42500000e+00,        +1.248462820297e-11,        +2.452301645999e-11,        +0.000000000000e+00,        +0.000000000000e+00
 1.43000000e+00,        +1.225428250992e-11,        +2.437876152199e-11,        +0.000000000000e+00,        +0.000000000000e+00
 1.43500000e+00,        +1.203529985258e-11,        +2.424398626266e-11,        +0.000000000000e+00,        +0.000000000000e+00
 1.44000000e+00,        +1.182701416820e-11,        +2.411811417681e-11,        +0.000000000000e+00,        +0.000000000000e+00
 1.44500000e+00,        +1.162881280666e-11,        +2.400061683098e-11,        +0.000000000000e+00,        +0.000000000000e+00
 1.45000000e+00,        +1.144013154702e-11,        +2.389100930067e-11,        +0.000000000000e+00,        +0.000000000000e+00
 1.45500000e+00,        +1.126045013702e-11,        +2.378884609225e-11,        +0.000000000000e+00,        +0.000000000000e+00
 1.46000000e+00,        +1.108928829334e-11,        +2.369371749029e-11,        +0.000000000000e+00,        +0.000000000000e+00
 1.46500000e+00,        +1.092620214927e-11,        +2.360524632067e-11,        +0.000000000000e+00,        +0.000000000000e+00
 1.47000000e+00,        +1.077078108163e-11,        +2.352308506514e-11,        +0.000000000000e+00,        +0.000000000000e+00
 1.47500000e+00,        +1.062264486243e-11,        +2.344691327568e-11,        +0.000000000000e+00,        +0.000000000000e+00
 1.48000000e+00,        +1.048144109932e-11,        +2.337643525525e-11,        +0.000000000000e+00,        +0.000000000000e+00
 1.48500000e+00,        +1.034684293339e-11,        +2.331137797558e-11,        +0.000000000000e+00,        +0.000000000000e+00
 1.49000000e+00,        +1.021854696569e-11,        +2.325148920545e-11,        +0.000000000000e+00,        +0.000000000000e+00
 1.49500000e+00,        +1.009627138709e-11,        +2.319653582597e-11,        +0.000000000000e+00,        +0.000000000000e+00
 1.50000000e+00,        +9.979754289451e-12,        +2.314630231227e-11,        +0.000000000000e+00,        +0.000000000000e+00
